Cod_setor,Cod_Grandes Regiões,Nome_Grande_Regiao,Cod_UF,Nome_da_UF,Cod_meso,Nome_da_meso,Cod_micro,Nome_da_micro,Cod_RM,Nome_da_RM,Cod_municipio,Nome_do_municipio,Cod_distrito,Nome_do_distrito,Cod_subdistrito,Nome_do_subdistrito,Cod_bairro,Nome_do_bairro,Situacao_setor,Tipo_setor,V001,V002,V003,V004,V005,V006,V007,V008,V009,V010,V011,V012,X34
250180705000001,2,Região Nordeste,25,Paraiba,2504,Mata Paraibana,25022,João Pessoa,10,RM João Pessoa,2501807,BAYEUX,250180705,BAYEUX,25018070500,BAYEUX,2501807006,Imaculada,1,0,65,229,3.52,2.03,811.14,1637290.5,878.73,1715639.32,444.88,692128.13,726.26,927544.76,NA
250180705000002,2,Região Nordeste,25,Paraiba,2504,Mata Paraibana,25022,João Pessoa,10,RM João Pessoa,2501807,BAYEUX,250180705,BAYEUX,25018070500,BAYEUX,2501807006,Imaculada,1,0,282,982,3.48,3.81,709.49,247046.04,732.88,238015.64,397.49,229287.74,629.17,217142.93,NA
250180705000003,2,Região Nordeste,25,Paraiba,2504,Mata Paraibana,25022,João Pessoa,10,RM João Pessoa,2501807,BAYEUX,250180705,BAYEUX,25018070500,BAYEUX,2501807011,Rio do Meio,1,0,183,659,3.6,3.21,536.16,236141.1,662.95,207734.77,337.69,171760.34,612.48,143128.17,NA
250180705000004,2,Região Nordeste,25,Paraiba,2504,Mata Paraibana,25022,João Pessoa,10,RM João Pessoa,2501807,BAYEUX,250180705,BAYEUX,25018070500,BAYEUX,2501807011,Rio do Meio,1,0,226,797,3.53,2.9,637.53,236748.61,727.68,204460.79,349.94,198471.98,663.7,168097.13,NA
250180705000005,2,Região Nordeste,25,Paraiba,2504,Mata Paraibana,25022,João Pessoa,10,RM João Pessoa,2501807,BAYEUX,250180705,BAYEUX,25018070500,BAYEUX,2501807004,Centro,1,0,213,751,3.53,2.26,712.79,427756.68,786.66,413905.85,413.86,288917.19,649.37,300420.05,NA
250180705000006,2,Região Nordeste,25,Paraiba,2504,Mata Paraibana,25022,João Pessoa,10,RM João Pessoa,2501807,BAYEUX,250180705,BAYEUX,25018070500,BAYEUX,2501807004,Centro,1,0,291,988,3.4,2.98,706.56,331400.34,758.7,316239.58,448.97,254628.08,644.27,239538.04,NA
250180705000007,2,Região Nordeste,25,Paraiba,2504,Mata Paraibana,25022,João Pessoa,10,RM João Pessoa,2501807,BAYEUX,250180705,BAYEUX,25018070500,BAYEUX,2501807004,Centro,1,0,220,779,3.54,2.99,703.06,301486.71,740.06,289914.46,431.44,390756.92,642.52,446432.87,NA
250180705000008,2,Região Nordeste,25,Paraiba,2504,Mata Paraibana,25022,João Pessoa,10,RM João Pessoa,2501807,BAYEUX,250180705,BAYEUX,25018070500,BAYEUX,2501807004,Centro,1,0,150,562,3.75,4.31,562.04,272159.41,679.89,248914.91,334.59,190974.69,613.21,179107.03,NA
250180705000009,2,Região Nordeste,25,Paraiba,2504,Mata Paraibana,25022,João Pessoa,10,RM João Pessoa,2501807,BAYEUX,250180705,BAYEUX,25018070500,BAYEUX,2501807006,Imaculada,1,0,250,847,3.39,3.15,603.78,494058.66,670.87,503991.41,316.37,275467.88,553.65,350888.07,NA
250180705000010,2,Região Nordeste,25,Paraiba,2504,Mata Paraibana,25022,João Pessoa,10,RM João Pessoa,2501807,BAYEUX,250180705,BAYEUX,25018070500,BAYEUX,2501807009,Jardim São Vicente,1,0,307,1097,3.57,2.38,488.4,139549.33,617.04,96755.56,277.63,123863.61,551.68,94881.98,NA
250180705000011,2,Região Nordeste,25,Paraiba,2504,Mata Paraibana,25022,João Pessoa,10,RM João Pessoa,2501807,BAYEUX,250180705,BAYEUX,25018070500,BAYEUX,2501807006,Imaculada,1,0,215,727,3.38,3.27,486.07,117626,587.11,82559.86,289.74,124318.77,524.46,101862.98,NA
250180705000012,2,Região Nordeste,25,Paraiba,2504,Mata Paraibana,25022,João Pessoa,10,RM João Pessoa,2501807,BAYEUX,250180705,BAYEUX,25018070500,BAYEUX,2501807006,Imaculada,1,0,419,1525,3.64,3.59,750.79,8677745.08,832.22,9553526.72,447.88,5703344.25,799.65,9907347.02,NA
250180705000013,2,Região Nordeste,25,Paraiba,2504,Mata Paraibana,25022,João Pessoa,10,RM João Pessoa,2501807,BAYEUX,250180705,BAYEUX,25018070500,BAYEUX,2501807006,Imaculada,1,0,370,1332,3.6,3.1,655.22,479600.96,734.64,479388.83,362.09,343961.46,634.79,430034.7,NA
250180705000014,2,Região Nordeste,25,Paraiba,2504,Mata Paraibana,25022,João Pessoa,10,RM João Pessoa,2501807,BAYEUX,250180705,BAYEUX,25018070500,BAYEUX,2501807006,Imaculada,1,0,241,840,3.49,3.61,565.46,122078.76,622.26,98889.2,341.92,124370.67,560.09,81433.43,NA
250180705000015,2,Região Nordeste,25,Paraiba,2504,Mata Paraibana,25022,João Pessoa,10,RM João Pessoa,2501807,BAYEUX,250180705,BAYEUX,25018070500,BAYEUX,2501807006,Imaculada,1,0,322,1145,3.56,3.08,652.93,1359942.95,742.91,1480936.58,357.54,559947.27,614.78,805120.32,NA
250180705000016,2,Região Nordeste,25,Paraiba,2504,Mata Paraibana,25022,João Pessoa,10,RM João Pessoa,2501807,BAYEUX,250180705,BAYEUX,25018070500,BAYEUX,2501807006,Imaculada,1,0,240,872,3.63,4.07,476.07,94916.86,528.96,77401.91,264.74,93379.88,456.99,73286.66,NA
250180705000017,2,Região Nordeste,25,Paraiba,2504,Mata Paraibana,25022,João Pessoa,10,RM João Pessoa,2501807,BAYEUX,250180705,BAYEUX,25018070500,BAYEUX,2501807010,Mário Andreazza,1,0,304,1128,3.71,3.58,372.22,58182.3,447.25,36266.18,210.23,63991.43,421.9,39061.57,NA
250180705000018,2,Região Nordeste,25,Paraiba,2504,Mata Paraibana,25022,João Pessoa,10,RM João Pessoa,2501807,BAYEUX,250180705,BAYEUX,25018070500,BAYEUX,2501807011,Rio do Meio,1,0,316,1148,3.63,2.42,494.58,137242.58,598.8,103625.83,300.64,149764.97,530.83,142231.02,NA
250180705000019,2,Região Nordeste,25,Paraiba,2504,Mata Paraibana,25022,João Pessoa,10,RM João Pessoa,2501807,BAYEUX,250180705,BAYEUX,25018070500,BAYEUX,2501807001,Alto da Boa Vista,1,0,312,1123,3.6,2.67,617.63,269721.94,666.78,258373.56,378.27,240745.73,594.08,249901.43,NA
250180705000020,2,Região Nordeste,25,Paraiba,2504,Mata Paraibana,25022,João Pessoa,10,RM João Pessoa,2501807,BAYEUX,250180705,BAYEUX,25018070500,BAYEUX,2501807003,Brasília,1,0,150,500,3.33,3.22,686.74,801110.22,763.04,832128.55,386.34,387446.11,643.9,480250.73,NA
250180705000021,2,Região Nordeste,25,Paraiba,2504,Mata Paraibana,25022,João Pessoa,10,RM João Pessoa,2501807,BAYEUX,250180705,BAYEUX,25018070500,BAYEUX,2501807003,Brasília,1,0,201,713,3.55,2.78,599.29,318266.34,777.14,274218.07,407.53,217402.96,663.05,184204.11,NA
250180705000022,2,Região Nordeste,25,Paraiba,2504,Mata Paraibana,25022,João Pessoa,10,RM João Pessoa,2501807,BAYEUX,250180705,BAYEUX,25018070500,BAYEUX,2501807004,Centro,1,0,354,1264,3.57,3.65,670.8,359691.92,742.07,344973.92,371.23,251395.31,622.49,265160.21,NA
250180705000023,2,Região Nordeste,25,Paraiba,2504,Mata Paraibana,25022,João Pessoa,10,RM João Pessoa,2501807,BAYEUX,250180705,BAYEUX,25018070500,BAYEUX,2501807004,Centro,1,0,232,767,3.31,3.41,705.47,353023.16,806.25,322047.32,429.24,264025.17,690.97,244118.89,NA
250180705000024,2,Região Nordeste,25,Paraiba,2504,Mata Paraibana,25022,João Pessoa,10,RM João Pessoa,2501807,BAYEUX,250180705,BAYEUX,25018070500,BAYEUX,2501807004,Centro,1,0,289,1102,3.81,3.81,784.44,321440.89,827.39,303441.06,441.25,279744.09,703.96,261328.4,NA
250180705000025,2,Região Nordeste,25,Paraiba,2504,Mata Paraibana,25022,João Pessoa,10,RM João Pessoa,2501807,BAYEUX,250180705,BAYEUX,25018070500,BAYEUX,2501807004,Centro,1,0,340,1152,3.39,2.79,688.16,610528.39,742.77,618440.93,392,352483.25,658.18,416746.84,NA
250180705000026,2,Região Nordeste,25,Paraiba,2504,Mata Paraibana,25022,João Pessoa,10,RM João Pessoa,2501807,BAYEUX,250180705,BAYEUX,25018070500,BAYEUX,2501807004,Centro,1,0,260,917,3.53,3.08,430.08,140986.67,527.46,121453.93,348.74,166611.02,519.05,159564.95,NA
250180705000027,2,Região Nordeste,25,Paraiba,2504,Mata Paraibana,25022,João Pessoa,10,RM João Pessoa,2501807,BAYEUX,250180705,BAYEUX,25018070500,BAYEUX,2501807013,Sesi,1,1,226,790,3.5,2.86,523.12,102707.9,588.19,77084.42,340.94,127305.32,562.56,85279.46,NA
250180705000028,2,Região Nordeste,25,Paraiba,2504,Mata Paraibana,25022,João Pessoa,10,RM João Pessoa,2501807,BAYEUX,250180705,BAYEUX,25018070500,BAYEUX,2501807009,Jardim São Vicente,1,0,358,1370,3.83,3.01,493.82,130672.79,550.74,114335.2,266.99,115627.66,498.06,100587.97,NA
250180705000029,2,Região Nordeste,25,Paraiba,2504,Mata Paraibana,25022,João Pessoa,10,RM João Pessoa,2501807,BAYEUX,250180705,BAYEUX,25018070500,BAYEUX,2501807006,Imaculada,1,0,280,968,3.46,3.07,583.71,208999.18,643.46,191878.68,353.07,171702.78,556.89,157290.49,NA
250180705000030,2,Região Nordeste,25,Paraiba,2504,Mata Paraibana,25022,João Pessoa,10,RM João Pessoa,2501807,BAYEUX,250180705,BAYEUX,25018070500,BAYEUX,2501807006,Imaculada,1,0,326,1185,3.63,3.09,467.03,539457.68,581.11,605188.71,267.91,309640.9,519.24,469941.27,NA
250180705000031,2,Região Nordeste,25,Paraiba,2504,Mata Paraibana,25022,João Pessoa,10,RM João Pessoa,2501807,BAYEUX,250180705,BAYEUX,25018070500,BAYEUX,2501807010,Mário Andreazza,1,0,333,1125,3.38,2.53,462.34,160959.33,547.89,143808.32,274.86,117693.3,485.66,105555.1,NA
250180705000032,2,Região Nordeste,25,Paraiba,2504,Mata Paraibana,25022,João Pessoa,10,RM João Pessoa,2501807,BAYEUX,250180705,BAYEUX,25018070500,BAYEUX,2501807010,Mário Andreazza,1,0,303,1045,3.45,2.83,519.48,157728.84,593.97,136019.64,278.02,126755.85,520.85,110956.26,NA
250180705000033,2,Região Nordeste,25,Paraiba,2504,Mata Paraibana,25022,João Pessoa,10,RM João Pessoa,2501807,BAYEUX,250180705,BAYEUX,25018070500,BAYEUX,2501807011,Rio do Meio,1,0,232,809,3.49,3.08,655.04,632464.63,834.99,656086.41,346.36,353642.04,711.55,467005.18,NA
250180705000034,2,Região Nordeste,25,Paraiba,2504,Mata Paraibana,25022,João Pessoa,10,RM João Pessoa,2501807,BAYEUX,250180705,BAYEUX,25018070500,BAYEUX,2501807001,Alto da Boa Vista,1,0,373,1345,3.61,2.79,540.05,199935.09,594.21,187767.01,314.88,175739.37,521.7,183282.92,NA
250180705000035,2,Região Nordeste,25,Paraiba,2504,Mata Paraibana,25022,João Pessoa,10,RM João Pessoa,2501807,BAYEUX,250180705,BAYEUX,25018070500,BAYEUX,2501807001,Alto da Boa Vista,1,0,179,639,3.57,2.08,605.92,297207.63,686.45,281327.46,341.84,208778.85,631.89,202626.13,NA
250180705000036,2,Região Nordeste,25,Paraiba,2504,Mata Paraibana,25022,João Pessoa,10,RM João Pessoa,2501807,BAYEUX,250180705,BAYEUX,25018070500,BAYEUX,2501807003,Brasília,1,0,302,1066,3.53,2.73,777.47,494622.35,850.71,478854.64,429.02,385340.33,683.34,440074.98,NA
250180705000037,2,Região Nordeste,25,Paraiba,2504,Mata Paraibana,25022,João Pessoa,10,RM João Pessoa,2501807,BAYEUX,250180705,BAYEUX,25018070500,BAYEUX,2501807014,Tambay,1,0,71,273,3.85,5.16,1064.37,1302450.66,1111.32,1307805.68,564.86,716380.35,919.92,840941.38,NA
250180705000038,2,Região Nordeste,25,Paraiba,2504,Mata Paraibana,25022,João Pessoa,10,RM João Pessoa,2501807,BAYEUX,250180705,BAYEUX,25018070500,BAYEUX,2501807008,Jardim São Severino,1,0,186,630,3.39,4.15,562.96,159151.58,638.48,132118.63,369.64,154078.5,588.16,116529.23,NA
250180705000039,2,Região Nordeste,25,Paraiba,2504,Mata Paraibana,25022,João Pessoa,10,RM João Pessoa,2501807,BAYEUX,250180705,BAYEUX,25018070500,BAYEUX,2501807008,Jardim São Severino,1,0,202,662,3.28,2.04,719.34,451831.69,816.33,433474.89,421.02,305243.32,700.87,312019.61,NA
250180705000040,2,Região Nordeste,25,Paraiba,2504,Mata Paraibana,25022,João Pessoa,10,RM João Pessoa,2501807,BAYEUX,250180705,BAYEUX,25018070500,BAYEUX,2501807004,Centro,1,0,99,352,3.56,2.62,491.31,155566.34,593.17,127051.21,287.61,178736.5,552.36,197153.66,NA
250180705000041,2,Região Nordeste,25,Paraiba,2504,Mata Paraibana,25022,João Pessoa,10,RM João Pessoa,2501807,BAYEUX,250180705,BAYEUX,25018070500,BAYEUX,2501807013,Sesi,1,0,318,1081,3.4,3.41,700.88,338656.22,752.98,324554.4,393.39,259057.53,677.3,253715.66,NA
250180705000042,2,Região Nordeste,25,Paraiba,2504,Mata Paraibana,25022,João Pessoa,10,RM João Pessoa,2501807,BAYEUX,250180705,BAYEUX,25018070500,BAYEUX,2501807013,Sesi,1,0,237,848,3.58,1.81,670.92,412053,768.16,397005.87,377.83,263887.28,665.96,273263.8,NA
250180705000043,2,Região Nordeste,25,Paraiba,2504,Mata Paraibana,25022,João Pessoa,10,RM João Pessoa,2501807,BAYEUX,250180705,BAYEUX,25018070500,BAYEUX,2501807005,Comercial Norte,1,0,178,640,3.6,2.58,417.99,669929.56,581.27,838026.83,275.79,305108.38,524.9,450456.02,NA
250180705000044,2,Região Nordeste,25,Paraiba,2504,Mata Paraibana,25022,João Pessoa,10,RM João Pessoa,2501807,BAYEUX,250180705,BAYEUX,25018070500,BAYEUX,2501807005,Comercial Norte,1,0,212,755,3.56,2.13,491.64,168782.92,572.68,150092.5,318.94,162075.5,537.48,155653.27,NA
250180705000045,2,Região Nordeste,25,Paraiba,2504,Mata Paraibana,25022,João Pessoa,10,RM João Pessoa,2501807,BAYEUX,250180705,BAYEUX,25018070500,BAYEUX,2501807010,Mário Andreazza,1,0,252,910,3.61,2.94,502.34,99700.55,536.4,88142.8,258.57,102227.48,484.25,82116.88,NA
250180705000046,2,Região Nordeste,25,Paraiba,2504,Mata Paraibana,25022,João Pessoa,10,RM João Pessoa,2501807,BAYEUX,250180705,BAYEUX,25018070500,BAYEUX,2501807010,Mário Andreazza,1,0,248,915,3.69,3.58,270.34,80612.65,446.96,54160.59,265.52,86602.92,484.42,51875.6,NA
250180705000047,2,Região Nordeste,25,Paraiba,2504,Mata Paraibana,25022,João Pessoa,10,RM João Pessoa,2501807,BAYEUX,250180705,BAYEUX,25018070500,BAYEUX,2501807010,Mário Andreazza,1,0,294,1087,3.7,2.96,290.5,87364.6,424.91,70592.52,232.32,79662.92,444.52,58052.68,NA
250180705000048,2,Região Nordeste,25,Paraiba,2504,Mata Paraibana,25022,João Pessoa,10,RM João Pessoa,2501807,BAYEUX,250180705,BAYEUX,25018070500,BAYEUX,2501807007,Jardim Aeroporto,1,0,62,246,3.97,3.97,571.29,287713.06,668.3,271429.75,305.58,184185.39,583.62,189552.11,NA
250180705000049,2,Região Nordeste,25,Paraiba,2504,Mata Paraibana,25022,João Pessoa,10,RM João Pessoa,2501807,BAYEUX,250180705,BAYEUX,25018070500,BAYEUX,2501807007,Jardim Aeroporto,1,0,350,1232,3.52,1.89,1082.79,950464.93,1162.51,927699.14,588.06,869740.26,978.9,1065497.01,NA
250180705000050,2,Região Nordeste,25,Paraiba,2504,Mata Paraibana,25022,João Pessoa,10,RM João Pessoa,2501807,BAYEUX,250180705,BAYEUX,25018070500,BAYEUX,2501807007,Jardim Aeroporto,1,0,207,697,3.37,1.72,1260.86,2864401.99,1388.29,2977585.72,642.85,1418734.83,1142.23,1951965.68,NA
250180705000051,2,Região Nordeste,25,Paraiba,2504,Mata Paraibana,25022,João Pessoa,10,RM João Pessoa,2501807,BAYEUX,250180705,BAYEUX,25018070500,BAYEUX,2501807001,Alto da Boa Vista,1,0,233,770,3.3,1.79,1181.96,1344341.9,1257.52,1335222.71,619.76,849338.78,997.92,990550.48,NA
250180705000052,2,Região Nordeste,25,Paraiba,2504,Mata Paraibana,25022,João Pessoa,10,RM João Pessoa,2501807,BAYEUX,250180705,BAYEUX,25018070500,BAYEUX,2501807001,Alto da Boa Vista,1,0,194,678,3.49,1.93,705.25,497621.26,819.27,484582.15,392.83,342628.03,696.55,396149.83,NA
250180705000053,2,Região Nordeste,25,Paraiba,2504,Mata Paraibana,25022,João Pessoa,10,RM João Pessoa,2501807,BAYEUX,250180705,BAYEUX,25018070500,BAYEUX,2501807001,Alto da Boa Vista,1,0,272,983,3.61,2.64,534.84,153187.31,588.97,136742.47,280.59,128497.39,536.68,108290.18,NA
250180705000054,2,Região Nordeste,25,Paraiba,2504,Mata Paraibana,25022,João Pessoa,10,RM João Pessoa,2501807,BAYEUX,250180705,BAYEUX,25018070500,BAYEUX,2501807014,Tambay,1,0,208,749,3.6,2.26,1026.25,1021123.35,1094.67,1014268.94,575.16,644776.04,888.51,717813.02,NA
250180705000055,2,Região Nordeste,25,Paraiba,2504,Mata Paraibana,25022,João Pessoa,10,RM João Pessoa,2501807,BAYEUX,250180705,BAYEUX,25018070500,BAYEUX,2501807013,Sesi,1,0,235,850,3.62,3.2,388.88,169353.42,466.26,166960.96,265.37,135858.93,452.85,146968.08,NA
250180705000056,2,Região Nordeste,25,Paraiba,2504,Mata Paraibana,25022,João Pessoa,10,RM João Pessoa,2501807,BAYEUX,250180705,BAYEUX,25018070500,BAYEUX,2501807013,Sesi,1,0,259,937,3.62,2.96,1032.7,679475.83,1074.17,662144.34,569.76,446997.3,856.18,426439.9,NA
250180705000057,2,Região Nordeste,25,Paraiba,2504,Mata Paraibana,25022,João Pessoa,10,RM João Pessoa,2501807,BAYEUX,250180705,BAYEUX,25018070500,BAYEUX,2501807013,Sesi,1,0,166,596,3.59,4.81,754.48,383564.52,852,349825.97,460.78,387642.69,812.51,397795.91,NA
250180705000058,2,Região Nordeste,25,Paraiba,2504,Mata Paraibana,25022,João Pessoa,10,RM João Pessoa,2501807,BAYEUX,250180705,BAYEUX,25018070500,BAYEUX,2501807013,Sesi,1,0,273,955,3.5,2.46,629.81,1023788.37,1005.49,1258098.4,373.42,515969.81,849.82,770085.1,NA
250180705000059,2,Região Nordeste,25,Paraiba,2504,Mata Paraibana,25022,João Pessoa,10,RM João Pessoa,2501807,BAYEUX,250180705,BAYEUX,25018070500,BAYEUX,2501807013,Sesi,1,0,301,1082,3.59,3,570.96,216677,629.52,201982.18,343.87,170268.14,545.2,160174.33,NA
250180705000060,2,Região Nordeste,25,Paraiba,2504,Mata Paraibana,25022,João Pessoa,10,RM João Pessoa,2501807,BAYEUX,250180705,BAYEUX,25018070500,BAYEUX,2501807010,Mário Andreazza,1,0,255,871,3.42,2.36,508,132147.15,575.73,110675.61,286.77,123103.41,502.01,107412.31,NA
250180705000061,2,Região Nordeste,25,Paraiba,2504,Mata Paraibana,25022,João Pessoa,10,RM João Pessoa,2501807,BAYEUX,250180705,BAYEUX,25018070500,BAYEUX,2501807010,Mário Andreazza,1,0,287,995,3.47,3.12,302.72,100206.21,472.18,76152.72,252.06,88885.46,475.45,61385.82,NA
250180705000062,2,Região Nordeste,25,Paraiba,2504,Mata Paraibana,25022,João Pessoa,10,RM João Pessoa,2501807,BAYEUX,250180705,BAYEUX,25018070500,BAYEUX,2501807010,Mário Andreazza,1,0,279,1028,3.68,3.26,434.86,126191.96,511.92,109032.51,233.45,97554,458.17,88481.13,NA
250180705000063,2,Região Nordeste,25,Paraiba,2504,Mata Paraibana,25022,João Pessoa,10,RM João Pessoa,2501807,BAYEUX,250180705,BAYEUX,25018070500,BAYEUX,2501807007,Jardim Aeroporto,1,0,169,613,3.63,2.21,1190.43,3982635.46,1273.31,4155471.83,632.23,2128784.57,1054.39,3108249.57,NA
250180705000065,2,Região Nordeste,25,Paraiba,2504,Mata Paraibana,25022,João Pessoa,10,RM João Pessoa,2501807,BAYEUX,250180705,BAYEUX,25018070500,BAYEUX,2501807014,Tambay,1,0,186,652,3.51,2.18,1032.75,935568.41,1103.97,921379.62,546.96,551113.24,877.85,594163.18,NA
250180705000066,2,Região Nordeste,25,Paraiba,2504,Mata Paraibana,25022,João Pessoa,10,RM João Pessoa,2501807,BAYEUX,250180705,BAYEUX,25018070500,BAYEUX,2501807013,Sesi,1,0,215,806,3.75,3.88,326.08,281283.69,539.29,350752.58,265.93,204201.98,548.28,266393.1,NA
250180705000067,2,Região Nordeste,25,Paraiba,2504,Mata Paraibana,25022,João Pessoa,10,RM João Pessoa,2501807,BAYEUX,250180705,BAYEUX,25018070500,BAYEUX,2501807013,Sesi,1,0,193,627,3.25,2.1,945.16,923405.41,1048.36,915996.54,569.39,608690.23,861.26,669499.12,NA
250180705000068,2,Região Nordeste,25,Paraiba,2504,Mata Paraibana,25022,João Pessoa,10,RM João Pessoa,2501807,BAYEUX,250180705,BAYEUX,25018070500,BAYEUX,2501807012,São Bento,1,0,301,1039,3.45,2.86,566.61,319641.19,687.7,304617.99,328.55,215306.16,611.44,227746.74,NA
250180705000069,2,Região Nordeste,25,Paraiba,2504,Mata Paraibana,25022,João Pessoa,10,RM João Pessoa,2501807,BAYEUX,250180705,BAYEUX,25018070500,BAYEUX,2501807013,Sesi,1,0,230,800,3.48,2.51,1011.9,43227853.47,1169.53,49810563.09,475.26,14597955.86,865.25,26270113.8,NA
250180705000070,2,Região Nordeste,25,Paraiba,2504,Mata Paraibana,25022,João Pessoa,10,RM João Pessoa,2501807,BAYEUX,250180705,BAYEUX,25018070500,BAYEUX,2501807012,São Bento,1,0,329,1236,3.76,3.97,729.05,698873.41,794.24,709622.51,405.87,347867.99,652.33,398411.8,NA
250180705000071,2,Região Nordeste,25,Paraiba,2504,Mata Paraibana,25022,João Pessoa,10,RM João Pessoa,2501807,BAYEUX,250180705,BAYEUX,25018070500,BAYEUX,2501807012,São Bento,1,0,316,1147,3.63,3.24,722.39,985735.53,773.82,1016216.68,409.38,487235.85,689.52,627728.36,NA
250180705000072,2,Região Nordeste,25,Paraiba,2504,Mata Paraibana,25022,João Pessoa,10,RM João Pessoa,2501807,BAYEUX,250180705,BAYEUX,25018070500,BAYEUX,2501807012,São Bento,1,0,251,878,3.5,2.43,564.59,185202.06,627.04,166444.21,341.42,154605.08,542.29,136596.07,NA
250180705000073,2,Região Nordeste,25,Paraiba,2504,Mata Paraibana,25022,João Pessoa,10,RM João Pessoa,2501807,BAYEUX,250180705,BAYEUX,25018070500,BAYEUX,2501807012,São Bento,1,1,193,691,3.58,3.18,614.55,325983.37,655.3,320867.83,325.13,202267.78,526.49,221578.77,NA
250180705000074,2,Região Nordeste,25,Paraiba,2504,Mata Paraibana,25022,João Pessoa,10,RM João Pessoa,2501807,BAYEUX,250180705,BAYEUX,25018070500,BAYEUX,2501807012,São Bento,1,0,247,896,3.63,3.26,321.87,342106.63,679.5,480393.32,198.94,208256.7,609.11,388529.69,NA
250180705000075,2,Região Nordeste,25,Paraiba,2504,Mata Paraibana,25022,João Pessoa,10,RM João Pessoa,2501807,BAYEUX,250180705,BAYEUX,25018070500,BAYEUX,2501807002,Baralho,1,0,136,474,3.49,2.37,417.29,40619.91,472.93,19546.65,267.34,70031.86,458.64,32238.64,NA
250180705000076,2,Região Nordeste,25,Paraiba,2504,Mata Paraibana,25022,João Pessoa,10,RM João Pessoa,2501807,BAYEUX,250180705,BAYEUX,25018070500,BAYEUX,2501807002,Baralho,1,1,86,317,3.69,2.97,352.09,106090.25,426.48,96646.68,200.34,80399.77,410.62,78426.05,NA
250180705000077,2,Região Nordeste,25,Paraiba,2504,Mata Paraibana,25022,João Pessoa,10,RM João Pessoa,2501807,BAYEUX,250180705,BAYEUX,25018070500,BAYEUX,2501807005,Comercial Norte,1,0,162,548,3.38,2.25,550.77,236014.12,583.16,230971.03,327.76,170696.38,507.24,173138.8,NA
250180705000078,2,Região Nordeste,25,Paraiba,2504,Mata Paraibana,25022,João Pessoa,10,RM João Pessoa,2501807,BAYEUX,250180705,BAYEUX,25018070500,BAYEUX,2501807004,Centro,1,1,190,650,3.42,2.82,533.69,404056.84,579.43,412230.88,286.31,213589.25,483.89,265543.11,NA
250180705000079,2,Região Nordeste,25,Paraiba,2504,Mata Paraibana,25022,João Pessoa,10,RM João Pessoa,2501807,BAYEUX,250180705,BAYEUX,25018070500,BAYEUX,2501807004,Centro,1,0,233,825,3.54,3.45,502.85,248703.09,555.27,245506.34,283.36,176608.39,501.68,203221.95,NA
250180705000080,2,Região Nordeste,25,Paraiba,2504,Mata Paraibana,25022,João Pessoa,10,RM João Pessoa,2501807,BAYEUX,250180705,BAYEUX,25018070500,BAYEUX,2501807002,Baralho,1,0,178,653,3.67,3.27,564.78,701083.48,624.42,738103.66,329.44,520103.76,547.65,745830.29,NA
250180705000081,2,Região Nordeste,25,Paraiba,2504,Mata Paraibana,25022,João Pessoa,10,RM João Pessoa,2501807,BAYEUX,250180705,BAYEUX,25018070500,BAYEUX,2501807008,Jardim São Severino,1,0,11,37,3.36,2.25,1194.09,5678904.09,1459.44,6662952.78,650.03,2127729,1052.43,3066081.66,NA
250180705000082,2,Região Nordeste,25,Paraiba,2504,Mata Paraibana,25022,João Pessoa,10,RM João Pessoa,2501807,BAYEUX,250180705,BAYEUX,25018070500,BAYEUX,2501807004,Centro,1,0,148,474,3.2,2.22,750.08,651839.18,867.28,652045.15,473.48,434584.7,777.19,477473.72,NA
250180705000083,2,Região Nordeste,25,Paraiba,2504,Mata Paraibana,25022,João Pessoa,10,RM João Pessoa,2501807,BAYEUX,250180705,BAYEUX,25018070500,BAYEUX,2501807004,Centro,1,0,7,42,6,10,510,108066.67,510,108066.67,230.67,81509.89,384.44,76449.67,NA
250180705000085,2,Região Nordeste,25,Paraiba,2504,Mata Paraibana,25022,João Pessoa,10,RM João Pessoa,2501807,BAYEUX,250180705,BAYEUX,25018070500,BAYEUX,2501807004,Centro,1,0,208,682,3.28,3.29,379.65,240841.47,576.4,252332.61,340.93,203750.59,575.89,208872.61,NA
250180705000086,2,Região Nordeste,25,Paraiba,2504,Mata Paraibana,25022,João Pessoa,10,RM João Pessoa,2501807,BAYEUX,250180705,BAYEUX,25018070500,BAYEUX,2501807004,Centro,1,0,78,281,3.6,3.78,776.87,433640.87,807.95,425774.78,433.21,287642.02,687.54,281611.09,NA
250180705000087,2,Região Nordeste,25,Paraiba,2504,Mata Paraibana,25022,João Pessoa,10,RM João Pessoa,2501807,BAYEUX,250180705,BAYEUX,25018070500,BAYEUX,2501807006,Imaculada,1,0,55,210,3.82,3.78,342.4,113822.87,508.97,83598.14,258.46,87227.43,494.91,49603.76,NA
250180705000088,2,Região Nordeste,25,Paraiba,2504,Mata Paraibana,25022,João Pessoa,10,RM João Pessoa,2501807,BAYEUX,250180705,BAYEUX,25018070500,BAYEUX,2501807009,Jardim São Vicente,1,0,161,605,3.76,3.38,367.96,125173.05,473.93,110885.74,325.01,133145.73,488.02,120335.03,NA
250180705000089,2,Região Nordeste,25,Paraiba,2504,Mata Paraibana,25022,João Pessoa,10,RM João Pessoa,2501807,BAYEUX,250180705,BAYEUX,25018070500,BAYEUX,2501807003,Brasília,1,0,227,813,3.58,2.85,705.4,961086.2,856.28,1037874.77,409.36,574057.5,754.19,798140.85,NA
250180705000091,2,Região Nordeste,25,Paraiba,2504,Mata Paraibana,25022,João Pessoa,10,RM João Pessoa,2501807,BAYEUX,250180705,BAYEUX,25018070500,BAYEUX,2501807012,São Bento,1,0,176,592,3.36,2.69,811.67,854276.94,898.45,867729.46,463.91,469755.83,734.41,545238.97,NA
250180705000092,2,Região Nordeste,25,Paraiba,2504,Mata Paraibana,25022,João Pessoa,10,RM João Pessoa,2501807,BAYEUX,250180705,BAYEUX,25018070500,BAYEUX,2501807e3,BAYEUX (demais setores),8,0,249,923,3.71,2.64,626.76,1083729.69,678.53,1138361.07,375.31,699976.93,613.07,998315.26,NA
250180705000094,2,Região Nordeste,25,Paraiba,2504,Mata Paraibana,25022,João Pessoa,10,RM João Pessoa,2501807,BAYEUX,250180705,BAYEUX,25018070500,BAYEUX,2501807006,Imaculada,1,0,180,616,3.42,2.84,441.01,82488.68,508.86,60513.39,255.54,92468.69,477.51,66702.02,NA
250180705000095,2,Região Nordeste,25,Paraiba,2504,Mata Paraibana,25022,João Pessoa,10,RM João Pessoa,2501807,BAYEUX,250180705,BAYEUX,25018070500,BAYEUX,2501807010,Mário Andreazza,1,1,117,436,3.73,3.08,445.56,164065.58,487.21,159064.09,237.37,113408.82,413.87,124746.5,NA
250180705000096,2,Região Nordeste,25,Paraiba,2504,Mata Paraibana,25022,João Pessoa,10,RM João Pessoa,2501807,BAYEUX,250180705,BAYEUX,25018070500,BAYEUX,2501807010,Mário Andreazza,1,1,126,432,3.43,2.02,299.85,75089.71,444.48,46688.44,255.8,88440.83,492.91,53349.37,NA
250180705000097,2,Região Nordeste,25,Paraiba,2504,Mata Paraibana,25022,João Pessoa,10,RM João Pessoa,2501807,BAYEUX,250180705,BAYEUX,25018070500,BAYEUX,2501807013,Sesi,1,1,95,327,3.44,2.8,565.92,141304.14,640.02,112028.84,337.18,124506.5,580.12,72960.45,NA
250180705000098,2,Região Nordeste,25,Paraiba,2504,Mata Paraibana,25022,João Pessoa,10,RM João Pessoa,2501807,BAYEUX,250180705,BAYEUX,25018070500,BAYEUX,2501807011,Rio do Meio,1,0,266,1002,3.77,4.1,454.87,72803.18,528.37,45615.29,254.41,85260.13,482.65,51507.63,NA
250180705000099,2,Região Nordeste,25,Paraiba,2504,Mata Paraibana,25022,João Pessoa,10,RM João Pessoa,2501807,BAYEUX,250180705,BAYEUX,25018070500,BAYEUX,2501807001,Alto da Boa Vista,1,0,194,758,3.91,5.27,247.95,284641.8,467.01,435280.23,209.12,160192.61,508.09,237617.88,NA
250180705000100,2,Região Nordeste,25,Paraiba,2504,Mata Paraibana,25022,João Pessoa,10,RM João Pessoa,2501807,BAYEUX,250180705,BAYEUX,25018070500,BAYEUX,2501807008,Jardim São Severino,1,0,161,582,3.61,3.33,757.55,558569.01,852.91,547470.53,397.55,337705.06,722.16,379181.41,NA
250180705000101,2,Região Nordeste,25,Paraiba,2504,Mata Paraibana,25022,João Pessoa,10,RM João Pessoa,2501807,BAYEUX,250180705,BAYEUX,25018070500,BAYEUX,2501807013,Sesi,1,1,227,808,3.56,2.71,529.48,485056.32,597.97,506954.59,296.75,266634.63,520.52,351447.03,NA
250180705000102,2,Região Nordeste,25,Paraiba,2504,Mata Paraibana,25022,João Pessoa,10,RM João Pessoa,2501807,BAYEUX,250180705,BAYEUX,25018070500,BAYEUX,2501807005,Comercial Norte,1,0,246,875,3.56,2.72,540.77,238052.29,648.92,215368.82,298.45,187111.24,581.53,200000.46,NA
250180705000103,2,Região Nordeste,25,Paraiba,2504,Mata Paraibana,25022,João Pessoa,10,RM João Pessoa,2501807,BAYEUX,250180705,BAYEUX,25018070500,BAYEUX,2501807005,Comercial Norte,1,0,205,767,3.74,3.6,367.99,119112.81,523.87,87690.14,223.96,87458.48,477.88,65197.67,NA
250180705000104,2,Região Nordeste,25,Paraiba,2504,Mata Paraibana,25022,João Pessoa,10,RM João Pessoa,2501807,BAYEUX,250180705,BAYEUX,25018070500,BAYEUX,2501807007,Jardim Aeroporto,1,0,180,627,3.48,2.03,603.45,308694.64,781.45,260306.03,344.86,241068.92,696.25,242048.8,NA
250180705000105,2,Região Nordeste,25,Paraiba,2504,Mata Paraibana,25022,João Pessoa,10,RM João Pessoa,2501807,BAYEUX,250180705,BAYEUX,25018070500,BAYEUX,2501807007,Jardim Aeroporto,1,0,49,188,3.84,1.85,760.86,361784.96,847.32,328889.25,426.74,265645.66,720.72,236444.5,NA
250180705000106,2,Região Nordeste,25,Paraiba,2504,Mata Paraibana,25022,João Pessoa,10,RM João Pessoa,2501807,BAYEUX,250180705,BAYEUX,25018070500,BAYEUX,2501807007,Jardim Aeroporto,1,0,199,702,3.53,1.36,1940.31,2294175.33,1960.01,2278779.06,877.29,1522294.62,1398.92,1698199.01,NA
250180705000107,2,Região Nordeste,25,Paraiba,2504,Mata Paraibana,25022,João Pessoa,10,RM João Pessoa,2501807,BAYEUX,250180705,BAYEUX,25018070500,BAYEUX,2501807007,Jardim Aeroporto,1,0,266,947,3.56,1.74,1191.39,13983812.7,1272.73,14838439.86,575.94,5955504.56,1082.54,10657146.02,NA
250180705000108,2,Região Nordeste,25,Paraiba,2504,Mata Paraibana,25022,João Pessoa,10,RM João Pessoa,2501807,BAYEUX,250180705,BAYEUX,25018070500,BAYEUX,2501807001,Alto da Boa Vista,1,0,161,572,3.55,1.76,1210.73,1182188.8,1241.58,1173957.19,618.08,904800.88,1020.25,1083834.31,NA
250180705000109,2,Região Nordeste,25,Paraiba,2504,Mata Paraibana,25022,João Pessoa,10,RM João Pessoa,2501807,BAYEUX,250180705,BAYEUX,25018070500,BAYEUX,2501807001,Alto da Boa Vista,1,1,184,669,3.64,2.58,542.45,295903.4,639.81,286662.04,318.9,253785.57,602.95,308752.42,NA
250180705000110,2,Região Nordeste,25,Paraiba,2504,Mata Paraibana,25022,João Pessoa,10,RM João Pessoa,2501807,BAYEUX,250180705,BAYEUX,25018070500,BAYEUX,2501807014,Tambay,1,0,203,776,3.82,2.86,819.66,801301.27,875.74,807044.59,466.51,421113.45,723.1,467296.18,NA
250180705000111,2,Região Nordeste,25,Paraiba,2504,Mata Paraibana,25022,João Pessoa,10,RM João Pessoa,2501807,BAYEUX,250180705,BAYEUX,25018070500,BAYEUX,2501807013,Sesi,1,0,158,580,3.67,3.95,578.61,189832.38,657.7,163574.3,332.05,161508.63,584.04,136817.33,NA
250180705000112,2,Região Nordeste,25,Paraiba,2504,Mata Paraibana,25022,João Pessoa,10,RM João Pessoa,2501807,BAYEUX,250180705,BAYEUX,25018070500,BAYEUX,2501807013,Sesi,1,0,188,656,3.49,2.24,662.73,433517.92,720.2,429699.82,398.3,250771.27,618.71,253179.56,NA
250180705000113,2,Região Nordeste,25,Paraiba,2504,Mata Paraibana,25022,João Pessoa,10,RM João Pessoa,2501807,BAYEUX,250180705,BAYEUX,25018070500,BAYEUX,2501807007,Jardim Aeroporto,1,0,139,492,3.54,1.54,631.53,257442.76,904.97,120038.01,423.2,223799.2,844.39,90249.93,NA
250180705000114,2,Região Nordeste,25,Paraiba,2504,Mata Paraibana,25022,João Pessoa,10,RM João Pessoa,2501807,BAYEUX,250180705,BAYEUX,25018070500,BAYEUX,2501807014,Tambay,1,0,141,504,3.57,2.56,897.6,2289480.4,966.12,2398887.05,527.66,1070687.21,817.15,1422751.42,NA
250180705000115,2,Região Nordeste,25,Paraiba,2504,Mata Paraibana,25022,João Pessoa,10,RM João Pessoa,2501807,BAYEUX,250180705,BAYEUX,25018070500,BAYEUX,2501807013,Sesi,1,1,201,802,3.99,3.76,511.19,200963.07,638.2,169642.99,290.68,174231.13,584.13,178722.63,NA
250180705000116,2,Região Nordeste,25,Paraiba,2504,Mata Paraibana,25022,João Pessoa,10,RM João Pessoa,2501807,BAYEUX,250180705,BAYEUX,25018070500,BAYEUX,2501807012,São Bento,1,1,157,596,3.8,3.48,651.02,514429.78,751.54,518343.58,369.46,289806.05,634.85,329634.07,NA
250180705000117,2,Região Nordeste,25,Paraiba,2504,Mata Paraibana,25022,João Pessoa,10,RM João Pessoa,2501807,BAYEUX,250180705,BAYEUX,25018070500,BAYEUX,2501807002,Baralho,1,0,154,606,3.94,6.73,548.77,699952.87,590.99,729051.42,288.8,296689.52,486.98,404142.01,NA
250180705000118,2,Região Nordeste,25,Paraiba,2504,Mata Paraibana,25022,João Pessoa,10,RM João Pessoa,2501807,BAYEUX,250180705,BAYEUX,25018070500,BAYEUX,2501807002,Baralho,1,0,87,283,3.25,3.47,163.1,71183.14,337.86,88829.15,137.35,51784.26,308.68,63618.98,NA
250180705000119,2,Região Nordeste,25,Paraiba,2504,Mata Paraibana,25022,João Pessoa,10,RM João Pessoa,2501807,BAYEUX,250180705,BAYEUX,25018070500,BAYEUX,2501807005,Comercial Norte,1,0,192,697,3.63,2.83,667.63,412133.94,728.32,405358.22,323,235782.57,559.04,276247.56,NA
250180705000120,2,Região Nordeste,25,Paraiba,2504,Mata Paraibana,25022,João Pessoa,10,RM João Pessoa,2501807,BAYEUX,250180705,BAYEUX,25018070500,BAYEUX,2501807005,Comercial Norte,1,0,320,1206,3.77,2.6,509.34,329277.65,590.54,333836.32,284.72,207826.93,509.05,257469.15,NA
250180705000121,2,Região Nordeste,25,Paraiba,2504,Mata Paraibana,25022,João Pessoa,10,RM João Pessoa,2501807,BAYEUX,250180705,BAYEUX,25018070500,BAYEUX,2501807004,Centro,1,1,342,1316,3.85,3.42,425.65,88310.74,472.63,75811.17,231.36,82820.57,405.75,74474.76,NA
250180705000122,2,Região Nordeste,25,Paraiba,2504,Mata Paraibana,25022,João Pessoa,10,RM João Pessoa,2501807,BAYEUX,250180705,BAYEUX,25018070500,BAYEUX,2501807005,Comercial Norte,1,0,210,778,3.7,2.3,461.88,286226.49,587.85,290262.9,266.31,165543.89,517.46,191785.74,NA
250180705000123,2,Região Nordeste,25,Paraiba,2504,Mata Paraibana,25022,João Pessoa,10,RM João Pessoa,2501807,BAYEUX,250180705,BAYEUX,25018070500,BAYEUX,2501807007,Jardim Aeroporto,1,0,213,721,3.38,2.3,465.81,416108.5,724.21,460124.37,260.54,215061.17,627.39,288002.09,NA
250180705000124,2,Região Nordeste,25,Paraiba,2504,Mata Paraibana,25022,João Pessoa,10,RM João Pessoa,2501807,BAYEUX,250180705,BAYEUX,25018070500,BAYEUX,2501807007,Jardim Aeroporto,1,0,162,549,3.39,2.62,708.62,3025209.75,791.7,3316121.09,360.81,1233301.67,683.08,2118489.15,NA
250180705000125,2,Região Nordeste,25,Paraiba,2504,Mata Paraibana,25022,João Pessoa,10,RM João Pessoa,2501807,BAYEUX,250180705,BAYEUX,25018070500,BAYEUX,2501807007,Jardim Aeroporto,1,0,163,587,3.6,2.81,595.48,137983.13,626.21,125779.84,304.68,133508.22,569.28,98691.02,NA
250180705000126,2,Região Nordeste,25,Paraiba,2504,Mata Paraibana,25022,João Pessoa,10,RM João Pessoa,2501807,BAYEUX,250180705,BAYEUX,25018070500,BAYEUX,2501807007,Jardim Aeroporto,1,0,326,1075,3.3,2.24,688.88,364418.21,769.1,345093.21,376.87,247818.81,684.94,239369.47,NA
250180705000127,2,Região Nordeste,25,Paraiba,2504,Mata Paraibana,25022,João Pessoa,10,RM João Pessoa,2501807,BAYEUX,250180705,BAYEUX,25018070500,BAYEUX,2501807007,Jardim Aeroporto,1,0,249,927,3.72,2.77,525.77,171103.79,635.52,136906.43,272.28,130353.96,570.24,103019.69,NA
250180705000128,2,Região Nordeste,25,Paraiba,2504,Mata Paraibana,25022,João Pessoa,10,RM João Pessoa,2501807,BAYEUX,250180705,BAYEUX,25018070500,BAYEUX,2501807007,Jardim Aeroporto,1,0,573,2042,3.56,2.62,658.13,522174.8,690.67,525525,363.58,315454.53,577.61,377591.69,NA
250180705000129,2,Região Nordeste,25,Paraiba,2504,Mata Paraibana,25022,João Pessoa,10,RM João Pessoa,2501807,BAYEUX,250180705,BAYEUX,25018070500,BAYEUX,2501807007,Jardim Aeroporto,1,0,200,727,3.64,3.35,638.62,501716.8,683.02,506296.79,317.04,265796.15,555.07,333431.87,NA
250180705000130,2,Região Nordeste,25,Paraiba,2504,Mata Paraibana,25022,João Pessoa,10,RM João Pessoa,2501807,BAYEUX,250180705,BAYEUX,25018070500,BAYEUX,2501807007,Jardim Aeroporto,1,0,37,126,3.41,1.47,553.51,74895.65,568.89,68038.73,282.29,100328.87,517.53,61544.05,NA
250180705000131,2,Região Nordeste,25,Paraiba,2504,Mata Paraibana,25022,João Pessoa,10,RM João Pessoa,2501807,BAYEUX,250180705,BAYEUX,25018070500,BAYEUX,2501807007,Jardim Aeroporto,1,0,8,36,4.5,6.57,882.5,1618592.86,1008.57,1740014.29,299.76,579643.83,869.3,1253222.68,NA
250180705000132,2,Região Nordeste,25,Paraiba,2504,Mata Paraibana,25022,João Pessoa,10,RM João Pessoa,2501807,BAYEUX,250180705,BAYEUX,25018070500,BAYEUX,2501807007,Jardim Aeroporto,1,0,90,278,3.09,1.65,623.62,207915.05,684.46,186292.18,383.13,181630.56,628.66,143403.71,NA
250180705000133,2,Região Nordeste,25,Paraiba,2504,Mata Paraibana,25022,João Pessoa,10,RM João Pessoa,2501807,BAYEUX,250180705,BAYEUX,25018070500,BAYEUX,2501807007,Jardim Aeroporto,1,0,75,247,3.29,2.29,749.25,352842.79,791.46,339119.08,417.82,248793,675.69,227941.76,NA
250180705000134,2,Região Nordeste,25,Paraiba,2504,Mata Paraibana,25022,João Pessoa,10,RM João Pessoa,2501807,BAYEUX,250180705,BAYEUX,25018070500,BAYEUX,2501807007,Jardim Aeroporto,1,0,13,49,3.77,2.19,365.38,51926.92,475,11383.33,171.19,56786.35,479.33,8049.52,NA
